[
{
  "model": "blog.post",
  "pk": 6,
  "fields": {
    "title": "A?",
    "created": "2023-09-11T18:02:53.242Z",
    "updated": "2023-09-13T21:53:27.515Z",
    "author": 1,
    "description": "Имеется спорная точка зрения, гласящая примерно следующее: сделанные на базе интернет-аналитики выводы могут быть в равной степени предоставлены сами себе! Как уже неоднократно упомянуто, действия представителей оппозиции, вне зависимости от их уровня, должны быть указаны как претенденты на роль ключевых факторов.\r\n\r\nНо представители современных социальных резервов ограничены исключительно образом мышления. Высокий уровень вовлечения представителей целевой аудитории является четким доказательством простого факта: укрепление и развитие внутренней структуры, а также свежий взгляд на привычные вещи — безусловно открывает новые горизонты для поставленных обществом задач. В рамках спецификации современных стандартов, многие известные личности, инициированные исключительно синтетически, указаны как претенденты на роль ключевых факторов. Повседневная практика показывает, что новая модель организационной деятельности создаёт предпосылки для инновационных методов управления процессами."
  }
},
{
  "model": "blog.post",
  "pk": 7,
  "fields": {
    "title": "Что?",
    "created": "2023-09-11T18:02:53.242Z",
    "updated": "2023-09-13T21:53:11.415Z",
    "author": 1,
    "description": "Принимая во внимание показатели успешности, базовый вектор развития однозначно определяет каждого участника как способного принимать собственные решения касаемо первоочередных требований. Но диаграммы связей описаны максимально подробно. Имеется спорная точка зрения, гласящая примерно следующее: активно развивающиеся страны третьего мира, превозмогая сложившуюся непростую экономическую ситуацию, объявлены нарушающими общечеловеческие нормы этики и морали. Мы вынуждены отталкиваться от того, что убеждённость некоторых оппонентов, в своём классическом представлении, допускает внедрение как самодостаточных, так и внешне зависимых концептуальных решений. Кстати, действия представителей оппозиции являются только методом политического участия и своевременно верифицированы. Однозначно, акционеры крупнейших компаний, инициированные исключительно синтетически, заблокированы в рамках своих собственных рациональных ограничений."
  }
},
{
  "model": "blog.post",
  "pk": 8,
  "fields": {
    "title": "Страны третьего мира",
    "created": "2023-09-11T18:02:53.242Z",
    "updated": "2023-09-13T21:52:59.420Z",
    "author": 5,
    "description": "Но активно развивающиеся страны третьего мира, инициированные исключительно синтетически, представлены в исключительно положительном свете. Не следует, однако, забывать, что начало повседневной работы по формированию позиции представляет собой интересный эксперимент проверки соответствующих условий активизации. Учитывая ключевые сценарии поведения, семантический разбор внешних противодействий представляет собой интересный эксперимент проверки как самодостаточных, так и внешне зависимых концептуальных решений.\r\n\r\nЗначимость этих проблем настолько очевидна, что сложившаяся структура организации способствует повышению качества анализа существующих паттернов поведения. Являясь всего лишь частью общей картины, непосредственные участники технического прогресса объединены в целые кластеры себе подобных! В своём стремлении улучшить пользовательский опыт мы упускаем, что действия представителей оппозиции будут объявлены нарушающими общечеловеческие нормы этики и морали."
  }
},
{
  "model": "blog.post",
  "pk": 9,
  "fields": {
    "title": "Наше дело",
    "created": "2023-09-11T18:02:53.242Z",
    "updated": "2023-09-11T18:02:53.248Z",
    "author": 4,
    "description": "Ясность нашей позиции очевидна: курс на социально-ориентированный национальный проект играет определяющее значение для благоприятных перспектив. В частности, сложившаяся структура организации прекрасно подходит для реализации приоретизации разума над эмоциями. А также сторонники тоталитаризма в науке лишь добавляют фракционных разногласий и смешаны с не уникальными данными до степени совершенной неузнаваемости, из-за чего возрастает их статус бесполезности. А также многие известные личности неоднозначны и будут объединены в целые кластеры себе подобных. Значимость этих проблем настолько очевидна, что выбранный нами инновационный путь обеспечивает широкому кругу (специалистов) участие в формировании системы обучения кадров, соответствующей насущным потребностям. \r\n\r\nНаше дело не так однозначно, как может показаться: дальнейшее развитие различных форм деятельности требует анализа вывода текущих активов!"
  }
},
{
  "model": "blog.post",
  "pk": 10,
  "fields": {
    "title": "повестка",
    "created": "2023-09-11T18:02:53.242Z",
    "updated": "2023-09-13T21:52:27.988Z",
    "author": 3,
    "description": "Наше дело не так однозначно, как может показаться: дальнейшее развитие различных форм деятельности требует анализа распределения внутренних резервов и ресурсов. С учётом сложившейся международной обстановки, экономическая повестка сегодняшнего дня позволяет выполнить важные задания по разработке модели развития. Каждый из нас понимает очевидную вещь: понимание сути ресурсосберегающих технологий обеспечивает широкому кругу (специалистов) участие в формировании соответствующих условий активизации.\r\n\r\nКаждый из нас понимает очевидную вещь: реализация намеченных плановых заданий обеспечивает широкому кругу (специалистов) участие в формировании дальнейших направлений развития. Но реализация намеченных плановых заданий говорит о возможностях распределения внутренних резервов и ресурсов. Также как базовый вектор развития прекрасно подходит для реализации направлений прогрессивного развития."
  }
},
{
  "model": "blog.post",
  "pk": 11,
  "fields": {
    "title": "Современные технологии",
    "created": "2023-09-11T18:02:53.242Z",
    "updated": "2023-09-13T21:52:45.562Z",
    "author": 2,
    "description": "Господа, высокое качество позиционных исследований требует определения и уточнения существующих финансовых и административных условий. Следует отметить, что существующая теория играет определяющее значение для существующих финансовых и административных условий. Разнообразный и богатый опыт говорит нам, что современная методология разработки создаёт предпосылки для системы массового участия. Современные технологии достигли такого уровня, что реализация намеченных плановых заданий выявляет срочную потребность поставленных обществом задач! С учётом сложившейся международной обстановки, выбранный нами инновационный путь однозначно определяет каждого участника как способного принимать собственные решения касаемо стандартных подходов.\r\n\r\nА также многие известные личности, превозмогая сложившуюся непростую экономическую ситуацию, смешаны с не уникальными данными до степени совершенной неузнаваемости, из-за чего возрастает их статус бесполезности."
  }
},
{
  "model": "blog.post",
  "pk": 12,
  "fields": {
    "title": "выводы",
    "created": "2023-09-11T18:02:53.242Z",
    "updated": "2023-09-13T21:52:41.480Z",
    "author": 1,
    "description": "Банальные, но неопровержимые выводы, а также тщательные исследования конкурентов могут быть указаны как претенденты на роль ключевых факторов. Но базовые сценарии поведения пользователей набирают популярность среди определенных слоев населения, а значит, должны быть ограничены исключительно образом мышления. Высокий уровень вовлечения представителей целевой аудитории является четким доказательством простого факта: высокое качество позиционных исследований напрямую зависит от соответствующих условий активизации. Мы вынуждены отталкиваться от того, что высокотехнологичная концепция общественного уклада прекрасно подходит для реализации стандартных подходов. Предварительные выводы неутешительны: дальнейшее развитие различных форм деятельности создаёт необходимость включения в производственный план целого ряда внеочередных мероприятий с учётом комплекса укрепления моральных ценностей."
  }
},
{
  "model": "blog.post",
  "pk": 13,
  "fields": {
    "title": "качество жизни",
    "created": "2023-09-11T18:02:53.242Z",
    "updated": "2023-09-13T21:52:06.550Z",
    "author": 1,
    "description": "Наше дело не так однозначно, как может показаться: социально-экономическое развитие позволяет оценить значение поэтапного и последовательного развития общества. Ясность нашей позиции очевидна: укрепление и развитие внутренней структуры представляет собой интересный эксперимент проверки поэтапного и последовательного развития общества. И нет сомнений, что тщательные исследования конкурентов призывают нас к новым свершениям, которые, в свою очередь, должны быть смешаны с не уникальными данными до степени совершенной неузнаваемости, из-за чего возрастает их статус бесполезности. В своём стремлении повысить качество жизни, они забывают, что сплочённость команды профессионалов говорит о возможностях кластеризации усилий.\r\n\r\nВ своём стремлении повысить качество жизни, они забывают, что выбранный нами инновационный путь не даёт нам иного выбора, кроме определения новых принципов формирования материально-технической и кадровой базы."
  }
},
{
  "model": "blog.post",
  "pk": 14,
  "fields": {
    "title": "Задача организации",
    "created": "2023-09-11T18:02:53.242Z",
    "updated": "2023-09-13T21:51:56.792Z",
    "author": 1,
    "description": "Современные технологии достигли такого уровня, что граница обучения кадров предоставляет широкие возможности для поэтапного и последовательного развития общества. Задача организации, в особенности же сплочённость команды профессионалов предполагает независимые способы реализации модели развития.\r\n\r\nБезусловно, консультация с широким активом требует определения и уточнения поставленных обществом задач. Имеется спорная точка зрения, гласящая примерно следующее: тщательные исследования конкурентов являются только методом политического участия и призваны к ответу. Являясь всего лишь частью общей картины, ключевые особенности структуры проекта, вне зависимости от их уровня, должны быть разоблачены."
  }
},
{
  "model": "blog.post",
  "pk": 15,
  "fields": {
    "title": "Картельные сговоры",
    "created": "2023-09-11T18:02:53.242Z",
    "updated": "2023-09-13T21:51:45.260Z",
    "author": 1,
    "description": "Следует отметить, что выбранный нами инновационный путь в значительной степени обусловливает важность системы массового участия. В своём стремлении повысить качество жизни, они забывают, что укрепление и развитие внутренней структуры способствует подготовке и реализации соответствующих условий активизации. Однозначно, непосредственные участники технического прогресса объявлены нарушающими общечеловеческие нормы этики и морали. Как принято считать, непосредственные участники технического прогресса, превозмогая сложившуюся непростую экономическую ситуацию, объективно рассмотрены соответствующими инстанциями.\r\n\r\nКартельные сговоры не допускают ситуации, при которой стремящиеся вытеснить традиционное производство, нанотехнологии набирают популярность среди определенных слоев населения, а значит, должны быть смешаны с не уникальными данными до степени совершенной неузнаваемости, из-за чего возрастает их статус бесполезности."
  }
},
{
  "model": "blog.post",
  "pk": 16,
  "fields": {
    "title": "Рыба",
    "created": "2023-09-11T18:02:53.242Z",
    "updated": "2023-09-13T17:52:44.144Z",
    "author": 6,
    "description": "В своём стремлении повысить качество жизни, они забывают, что понимание сути ресурсосберегающих технологий позволяет выполнить важные задания по разработке анализа существующих паттернов поведения. Наше дело не так однозначно, как может показаться: социально-экономическое развитие, а также свежий взгляд на привычные вещи — безусловно открывает новые горизонты для позиций, занимаемых участниками в отношении поставленных задач. Картельные сговоры не допускают ситуации, при которой ключевые особенности структуры проекта неоднозначны и будут преданы социально-демократической анафеме. И нет сомнений, что сторонники тоталитаризма в науке преданы социально-демократической анафеме. Прежде всего, социально-экономическое развитие требует от нас анализа новых принципов формирования материально-технической и кадровой базы. Повседневная практика показывает, что сложившаяся структура организации представляет собой интересный эксперимент проверки приоретизации разума над эмоциями."
  }
},
{
  "model": "blog.post",
  "pk": 17,
  "fields": {
    "title": "Формы",
    "created": "2023-09-11T18:02:53.242Z",
    "updated": "2023-09-11T18:02:53.248Z",
    "author": 6,
    "description": "Каждая группа полей формы должна находиться в элементе <form>. Bootstrap не предоставляет стили по умолчанию для элемента <form>, но есть несколько мощных функций браузера, которые предоставляются по умолчанию.\r\n\r\nНовичок в формах браузера? Рассмотрите возможность просмотра документов формы MDN для обзора и полного списка доступных атрибутов.\r\n<button> внутри <form> по умолчанию type=\"submit\", поэтому старайтесь быть конкретным и всегда включайте type.\r\nВы можете отключить каждый элемент формы в форме с помощью атрибута disabled в <form>."
  }
},
{
  "model": "blog.post",
  "pk": 18,
  "fields": {
    "title": "hgjjgj",
    "created": "2023-09-11T18:04:42.665Z",
    "updated": "2023-09-13T21:51:29.789Z",
    "author": 1,
    "description": "ljllklk jlkj kj ljlk lk jlj l lbvcu l l jhjh llk kl l"
  }
},
{
  "model": "blog.post",
  "pk": 19,
  "fields": {
    "title": "rgd",
    "created": "2023-09-11T18:08:23.200Z",
    "updated": "2023-09-13T21:51:17.069Z",
    "author": 1,
    "description": "dgrrgd"
  }
},
{
  "model": "blog.post",
  "pk": 20,
  "fields": {
    "title": "ewrewr",
    "created": "2023-09-11T21:37:40.533Z",
    "updated": "2023-09-13T21:53:42.637Z",
    "author": 1,
    "description": "werw"
  }
},
{
  "model": "blog.post",
  "pk": 21,
  "fields": {
    "title": "PostCreate",
    "created": "2023-09-14T16:29:45.374Z",
    "updated": "2023-09-14T16:29:45.374Z",
    "author": 1,
    "description": "def write_comment(request, pk):\r\n    post = get_object_or_404(Post, pk=pk)\r\n    comment = None\r\n    form = CommentForm(request.POST)\r\n    if form.is_valid():\r\n        comment = form.save(commit=False)\r\n        comment.post = post\r\n        comment.user = request.user.username\r\n        comment.save()\r\n        messages.success(request, 'Комментарий успешно отправлен.')\r\n        return redirect(post)\r\n\r\n    return render(request, 'blog/comment.html', {'form': form, 'comment': comment, 'post': post})\r\n\r\n\r\nclass PostCreate(CreateView, PermissionRequiredMixin):\r\n    model = Post\r\n    fields = ['title', 'description', 'tags']\r\n    permission_required = 'blog.add_post'\r\n\r\n\r\n    def form_valid(self, form):\r\n        form.instance.author = Author.objects.get(user=self.request.user)\r\n        return super().form_valid(form)\r\n\r\n\r\nclass PostUpdate(UpdateView, PermissionRequiredMixin):\r\n    model = Post\r\n    fields = ['title', 'description', 'tags']\r\n    permission_required = 'blog.add_post'"
  }
},
{
  "model": "blog.post",
  "pk": 22,
  "fields": {
    "title": "refedf",
    "created": "2023-09-14T16:37:28.621Z",
    "updated": "2023-09-14T16:37:28.621Z",
    "author": 1,
    "description": "erfeferf"
  }
},
{
  "model": "blog.author",
  "pk": 1,
  "fields": {
    "user": "dis",
    "bio": "Картельные сговоры не допускают ситуации, при которой акционеры крупнейших компаний смешаны с не уникальными данными до степени совершенной неузнаваемости, из-за чего возрастает их статус бесполезности. Каждый из нас понимает очевидную вещь: постоянное информационно-пропагандистское обеспечение нашей деятельности требует анализа благоприятных перспектив. А также непосредственные участники технического прогресса лишь добавляют фракционных разногласий и призваны к ответу. Принимая во внимание показатели успешности, внедрение современных методик обеспечивает актуальность поэтапного и последовательного развития общества. Безусловно, высококачественный прототип будущего проекта способствует подготовке и реализации системы массового участия.\r\n\r\nЛишь активно развивающиеся страны третьего мира освещают чрезвычайно интересные особенности картины в целом, однако конкретные выводы, разумеется, смешаны с не уникальными данными до степени совершенной неузнаваемости.",
    "slug": "dis"
  }
},
{
  "model": "blog.author",
  "pk": 2,
  "fields": {
    "user": "kek",
    "bio": "Но разбавленное изрядной долей эмпатии, рациональное мышление напрямую зависит от первоочередных требований. Безусловно, курс на социально-ориентированный национальный проект создаёт предпосылки для дальнейших направлений развития. В своём стремлении улучшить пользовательский опыт мы упускаем, что стремящиеся вытеснить традиционное производство, нанотехнологии, инициированные исключительно синтетически, преданы социально-демократической анафеме. Банальные, но неопровержимые выводы, а также акционеры крупнейших компаний, вне зависимости от их уровня, должны быть ассоциативно распределены по отраслям.\r\n\r\nНе следует, однако, забывать, что социально-экономическое развитие в значительной степени обусловливает важность поставленных обществом задач. С учётом сложившейся международной обстановки, реализация намеченных плановых заданий однозначно определяет каждого участника как способного принимать собственные решения касаемо новых принципов формирования материально-технической и кадровой базы",
    "slug": "kek"
  }
},
{
  "model": "blog.author",
  "pk": 3,
  "fields": {
    "user": "Пятка",
    "bio": "Как уже неоднократно упомянуто, тщательные исследования конкурентов могут быть представлены в исключительно положительном свете. Являясь всего лишь частью общей картины, стремящиеся вытеснить традиционное производство, нанотехнологии освещают чрезвычайно интересные особенности картины в целом, однако конкретные выводы, разумеется, указаны как претенденты на роль ключевых факторов. Наше дело не так однозначно, как может показаться: укрепление и развитие внутренней структуры, а также свежий взгляд на привычные вещи — безусловно открывает новые горизонты для новых принципов формирования материально-технической и кадровой базы.\r\n\r\nС другой стороны, социально-экономическое развитие не даёт нам иного выбора, кроме определения системы обучения кадров, соответствующей насущным потребностям. С другой стороны, базовый вектор развития требует определения и уточнения глубокомысленных рассуждений.",
    "slug": "pyatka"
  }
},
{
  "model": "blog.author",
  "pk": 4,
  "fields": {
    "user": "груша",
    "bio": "Учитывая ключевые сценарии поведения, начало повседневной работы по формированию позиции требует от нас анализа соответствующих условий активизации. Но акционеры крупнейших компаний, которые представляют собой яркий пример континентально-европейского типа политической культуры, будут ограничены исключительно образом мышления. Мы вынуждены отталкиваться от того, что базовый вектор развития требует анализа экономической целесообразности принимаемых решений. С учётом сложившейся международной обстановки, социально-экономическое развитие способствует повышению качества кластеризации усилий. Кстати, ключевые особенности структуры проекта могут быть своевременно верифицированы. В целом, конечно, перспективное планирование представляет собой интересный эксперимент проверки поставленных обществом задач.\r\n\r\nЗадача организации, в особенности же начало повседневной работы по формированию позиции является качественно новой ступенью системы массового участия.",
    "slug": "grusha"
  }
},
{
  "model": "blog.author",
  "pk": 5,
  "fields": {
    "user": "chel",
    "bio": "Прежде всего, выбранный нами инновационный путь предоставляет широкие возможности для новых принципов формирования материально-технической и кадровой базы. И нет сомнений, что стремящиеся вытеснить традиционное производство, нанотехнологии объективно рассмотрены соответствующими инстанциями. Но глубокий уровень погружения позволяет выполнить важные задания по разработке модели развития. Но новая модель организационной деятельности требует анализа экспериментов, поражающих по своей масштабности и грандиозности.\r\n\r\nЯсность нашей позиции очевидна: социально-экономическое развитие требует от нас анализа как самодостаточных, так и внешне зависимых концептуальных решений! Прежде всего, дальнейшее развитие различных форм деятельности не оставляет шанса для новых принципов формирования материально-технической и кадровой базы.",
    "slug": "chel"
  }
},
{
  "model": "blog.author",
  "pk": 6,
  "fields": {
    "user": "Утка",
    "bio": "Кстати, диаграммы связей, вне зависимости от их уровня, должны быть представлены в исключительно положительном свете. Задача организации, в особенности же укрепление и развитие внутренней структуры обеспечивает широкому кругу (специалистов) участие в формировании системы обучения кадров, соответствующей насущным потребностям. Однозначно, действия представителей оппозиции объективно рассмотрены соответствующими инстанциями! Задача организации, в особенности же понимание сути ресурсосберегающих технологий не даёт нам иного выбора, кроме определения новых принципов формирования материально-технической и кадровой базы. С другой стороны, внедрение современных методик позволяет выполнить важные задания по разработке поэтапного и последовательного развития общества. Картельные сговоры не допускают ситуации, при которой непосредственные участники технического прогресса, превозмогая сложившуюся непростую экономическую ситуацию, своевременно верифицированы.",
    "slug": "utka"
  }
},
{
  "model": "blog.comment",
  "pk": 1,
  "fields": {
    "user": "kek",
    "created": "2023-07-23T18:23:38.387Z",
    "description": "ljlkjlkjlk",
    "post": null
  }
},
{
  "model": "blog.comment",
  "pk": 2,
  "fields": {
    "user": "kek",
    "created": "2023-07-23T18:23:50.549Z",
    "description": "kljljlkj",
    "post": null
  }
},
{
  "model": "blog.comment",
  "pk": 3,
  "fields": {
    "user": "dis",
    "created": "2023-07-23T19:38:43.697Z",
    "description": "Однозначно, представители современных социальных резервов ассоциативно распределены по отраслям. С учётом сложившейся международной обстановки, семантический разбор внешних противодействий, а также свежий взгляд на привычные вещи — безусловно открывает новые горизонты для прогресса профессионального сообщества. Но внедрение современных методик напрямую зависит от существующих финансовых и административных условий.",
    "post": 7
  }
},
{
  "model": "blog.comment",
  "pk": 4,
  "fields": {
    "user": "dis",
    "created": "2023-07-23T19:52:36.024Z",
    "description": "Господа, глубокий уровень погружения не даёт нам иного выбора, кроме определения поставленных обществом задач. Значимость этих проблем настолько очевидна, что реализация намеченных плановых заданий представляет собой интересный эксперимент проверки анализа существующих паттернов поведения. Мы вынуждены отталкиваться от того, что глубокий уровень погружения однозначно фиксирует необходимость прогресса профессионального сообщества!",
    "post": 6
  }
},
{
  "model": "blog.comment",
  "pk": 5,
  "fields": {
    "user": "kek",
    "created": "2023-07-23T19:53:06.000Z",
    "description": "Являясь всего лишь частью общей картины, тщательные исследования конкурентов призывают нас к новым свершениям, которые, в свою очередь, должны быть ассоциативно распределены по отраслям. Являясь всего лишь частью общей картины, многие известные личности освещают чрезвычайно интересные особенности картины в целом, однако конкретные выводы, разумеется, указаны как претенденты на роль ключевых факторов!",
    "post": 6
  }
},
{
  "model": "blog.comment",
  "pk": 6,
  "fields": {
    "user": "кто-то",
    "created": "2023-07-23T19:54:29.829Z",
    "description": "Следует отметить, что высокое качество позиционных исследований способствует повышению качества существующих финансовых и административных условий. А ещё элементы политического процесса и по сей день остаются уделом либералов, которые жаждут быть функционально разнесены на независимые элементы.",
    "post": 6
  }
},
{
  "model": "blog.comment",
  "pk": 7,
  "fields": {
    "user": "dis",
    "created": "2023-07-24T14:30:31.356Z",
    "description": "trfghhrtherthrhtrhgere",
    "post": 6
  }
},
{
  "model": "blog.comment",
  "pk": 8,
  "fields": {
    "user": "кто-то",
    "created": "2023-07-24T14:32:56.822Z",
    "description": "вамваиаапи",
    "post": 6
  }
},
{
  "model": "blog.comment",
  "pk": 9,
  "fields": {
    "user": "dis",
    "created": "2023-09-11T17:35:17.802Z",
    "description": "ferferf",
    "post": 6
  }
},
{
  "model": "blog.comment",
  "pk": 10,
  "fields": {
    "user": "dis",
    "created": "2023-09-11T17:35:34.209Z",
    "description": "refef",
    "post": 6
  }
},
{
  "model": "blog.comment",
  "pk": 11,
  "fields": {
    "user": "dis",
    "created": "2023-09-11T19:15:20.735Z",
    "description": "цувцувуцц",
    "post": 19
  }
},
{
  "model": "blog.comment",
  "pk": 12,
  "fields": {
    "user": "dis",
    "created": "2023-09-11T19:15:49.459Z",
    "description": "цувцувуцц",
    "post": 19
  }
},
{
  "model": "blog.comment",
  "pk": 13,
  "fields": {
    "user": "dis",
    "created": "2023-09-11T19:15:58.075Z",
    "description": "увцувцув",
    "post": 19
  }
},
{
  "model": "blog.comment",
  "pk": 14,
  "fields": {
    "user": "dis",
    "created": "2023-09-11T20:24:37.320Z",
    "description": "rgrjgorjgotj",
    "post": 19
  }
},
{
  "model": "blog.comment",
  "pk": 15,
  "fields": {
    "user": "dis",
    "created": "2023-09-11T20:26:55.277Z",
    "description": "edwdew",
    "post": 19
  }
},
{
  "model": "blog.comment",
  "pk": 16,
  "fields": {
    "user": "dis",
    "created": "2023-09-11T20:27:00.064Z",
    "description": "wdwdwed",
    "post": 19
  }
},
{
  "model": "blog.comment",
  "pk": 17,
  "fields": {
    "user": "dis",
    "created": "2023-09-11T20:28:36.080Z",
    "description": "fef",
    "post": 19
  }
},
{
  "model": "blog.comment",
  "pk": 18,
  "fields": {
    "user": "dis",
    "created": "2023-09-11T20:30:40.556Z",
    "description": "rfer",
    "post": 19
  }
},
{
  "model": "blog.comment",
  "pk": 19,
  "fields": {
    "user": "dis",
    "created": "2023-09-11T20:46:02.798Z",
    "description": "eerr",
    "post": 19
  }
},
{
  "model": "blog.comment",
  "pk": 20,
  "fields": {
    "user": "dis",
    "created": "2023-09-11T20:46:56.899Z",
    "description": "eewwe",
    "post": 19
  }
},
{
  "model": "blog.comment",
  "pk": 21,
  "fields": {
    "user": "dis",
    "created": "2023-09-11T20:52:06.882Z",
    "description": "ert",
    "post": 18
  }
},
{
  "model": "blog.comment",
  "pk": 22,
  "fields": {
    "user": "dis",
    "created": "2023-09-11T20:53:00.918Z",
    "description": "ewrw",
    "post": 18
  }
},
{
  "model": "blog.comment",
  "pk": 23,
  "fields": {
    "user": "dis",
    "created": "2023-09-11T20:53:04.356Z",
    "description": "trtr",
    "post": 18
  }
},
{
  "model": "blog.comment",
  "pk": 24,
  "fields": {
    "user": "dis",
    "created": "2023-09-11T20:53:14.660Z",
    "description": "rere",
    "post": 18
  }
},
{
  "model": "blog.comment",
  "pk": 25,
  "fields": {
    "user": "dis",
    "created": "2023-09-11T21:01:24.127Z",
    "description": "erferf",
    "post": 18
  }
},
{
  "model": "blog.comment",
  "pk": 26,
  "fields": {
    "user": "dis",
    "created": "2023-09-11T21:16:24.948Z",
    "description": "yyuii",
    "post": 18
  }
},
{
  "model": "blog.comment",
  "pk": 27,
  "fields": {
    "user": "dis",
    "created": "2023-09-11T21:25:31.547Z",
    "description": "kkkk",
    "post": 18
  }
},
{
  "model": "blog.comment",
  "pk": 28,
  "fields": {
    "user": "dis",
    "created": "2023-09-11T21:26:24.982Z",
    "description": "klkl",
    "post": 18
  }
},
{
  "model": "blog.comment",
  "pk": 29,
  "fields": {
    "user": "dis",
    "created": "2023-09-11T21:27:15.641Z",
    "description": "okooko",
    "post": 18
  }
},
{
  "model": "blog.comment",
  "pk": 30,
  "fields": {
    "user": "dis",
    "created": "2023-09-14T16:31:16.763Z",
    "description": "uikuik",
    "post": 21
  }
},
{
  "model": "blog.comment",
  "pk": 31,
  "fields": {
    "user": "dis",
    "created": "2023-09-14T16:45:35.455Z",
    "description": "reefe",
    "post": 21
  }
},
{
  "model": "admin.logentry",
  "pk": 1,
  "fields": {
    "action_time": "2023-07-22T20:45:37.602Z",
    "user": 1,
    "content_type": 7,
    "object_id": "2",
    "object_repr": "dis",
    "action_flag": 1,
    "change_message": "[{\"added\": {}}]"
  }
},
{
  "model": "admin.logentry",
  "pk": 2,
  "fields": {
    "action_time": "2023-07-22T20:46:03.570Z",
    "user": 1,
    "content_type": 6,
    "object_id": "1",
    "object_repr": "Blogger",
    "action_flag": 1,
    "change_message": "[{\"added\": {}}]"
  }
},
{
  "model": "admin.logentry",
  "pk": 3,
  "fields": {
    "action_time": "2023-07-22T20:46:17.479Z",
    "user": 1,
    "content_type": 7,
    "object_id": "2",
    "object_repr": "dis",
    "action_flag": 2,
    "change_message": "[{\"changed\": {\"fields\": [\"Groups\"]}}]"
  }
},
{
  "model": "admin.logentry",
  "pk": 4,
  "fields": {
    "action_time": "2023-07-22T20:48:17.547Z",
    "user": 1,
    "content_type": 1,
    "object_id": "1",
    "object_repr": "dis",
    "action_flag": 1,
    "change_message": "[{\"added\": {}}]"
  }
},
{
  "model": "admin.logentry",
  "pk": 5,
  "fields": {
    "action_time": "2023-07-23T18:20:57.081Z",
    "user": 1,
    "content_type": 7,
    "object_id": "3",
    "object_repr": "kek",
    "action_flag": 1,
    "change_message": "[{\"added\": {}}]"
  }
},
{
  "model": "admin.logentry",
  "pk": 6,
  "fields": {
    "action_time": "2023-07-23T18:21:20.885Z",
    "user": 1,
    "content_type": 7,
    "object_id": "3",
    "object_repr": "kek",
    "action_flag": 2,
    "change_message": "[{\"changed\": {\"fields\": [\"Groups\"]}}]"
  }
},
{
  "model": "admin.logentry",
  "pk": 7,
  "fields": {
    "action_time": "2023-07-23T18:21:38.607Z",
    "user": 1,
    "content_type": 7,
    "object_id": "4",
    "object_repr": "chel",
    "action_flag": 1,
    "change_message": "[{\"added\": {}}]"
  }
},
{
  "model": "admin.logentry",
  "pk": 8,
  "fields": {
    "action_time": "2023-07-23T18:22:59.378Z",
    "user": 1,
    "content_type": 1,
    "object_id": "2",
    "object_repr": "kek",
    "action_flag": 1,
    "change_message": "[{\"added\": {}}]"
  }
},
{
  "model": "admin.logentry",
  "pk": 9,
  "fields": {
    "action_time": "2023-07-23T19:39:45.065Z",
    "user": 1,
    "content_type": 1,
    "object_id": "1",
    "object_repr": "dis",
    "action_flag": 2,
    "change_message": "[{\"changed\": {\"fields\": [\"Bio\"]}}]"
  }
},
{
  "model": "admin.logentry",
  "pk": 10,
  "fields": {
    "action_time": "2023-07-23T19:40:25.221Z",
    "user": 1,
    "content_type": 1,
    "object_id": "2",
    "object_repr": "kek",
    "action_flag": 2,
    "change_message": "[{\"changed\": {\"fields\": [\"Bio\"]}}]"
  }
},
{
  "model": "admin.logentry",
  "pk": 11,
  "fields": {
    "action_time": "2023-07-23T19:40:53.856Z",
    "user": 1,
    "content_type": 1,
    "object_id": "3",
    "object_repr": "Пятка",
    "action_flag": 1,
    "change_message": "[{\"added\": {}}]"
  }
},
{
  "model": "admin.logentry",
  "pk": 12,
  "fields": {
    "action_time": "2023-07-23T19:41:19.817Z",
    "user": 1,
    "content_type": 1,
    "object_id": "4",
    "object_repr": "груша",
    "action_flag": 1,
    "change_message": "[{\"added\": {}}]"
  }
},
{
  "model": "admin.logentry",
  "pk": 13,
  "fields": {
    "action_time": "2023-07-23T19:41:40.769Z",
    "user": 1,
    "content_type": 1,
    "object_id": "5",
    "object_repr": "chel",
    "action_flag": 1,
    "change_message": "[{\"added\": {}}]"
  }
},
{
  "model": "admin.logentry",
  "pk": 14,
  "fields": {
    "action_time": "2023-07-23T19:42:07.737Z",
    "user": 1,
    "content_type": 1,
    "object_id": "6",
    "object_repr": "Утка",
    "action_flag": 1,
    "change_message": "[{\"added\": {}}]"
  }
},
{
  "model": "admin.logentry",
  "pk": 15,
  "fields": {
    "action_time": "2023-07-23T19:42:54.123Z",
    "user": 1,
    "content_type": 7,
    "object_id": "5",
    "object_repr": "Утка",
    "action_flag": 1,
    "change_message": "[{\"added\": {}}]"
  }
},
{
  "model": "admin.logentry",
  "pk": 16,
  "fields": {
    "action_time": "2023-07-23T19:43:01.013Z",
    "user": 1,
    "content_type": 7,
    "object_id": "5",
    "object_repr": "Утка",
    "action_flag": 2,
    "change_message": "[{\"changed\": {\"fields\": [\"Groups\"]}}]"
  }
},
{
  "model": "admin.logentry",
  "pk": 17,
  "fields": {
    "action_time": "2023-07-23T19:43:46.535Z",
    "user": 1,
    "content_type": 7,
    "object_id": "6",
    "object_repr": "груша",
    "action_flag": 1,
    "change_message": "[{\"added\": {}}]"
  }
},
{
  "model": "admin.logentry",
  "pk": 18,
  "fields": {
    "action_time": "2023-07-23T19:44:12.266Z",
    "user": 1,
    "content_type": 7,
    "object_id": "7",
    "object_repr": "Пятка",
    "action_flag": 1,
    "change_message": "[{\"added\": {}}]"
  }
},
{
  "model": "admin.logentry",
  "pk": 19,
  "fields": {
    "action_time": "2023-07-23T19:44:19.416Z",
    "user": 1,
    "content_type": 7,
    "object_id": "7",
    "object_repr": "Пятка",
    "action_flag": 2,
    "change_message": "[{\"changed\": {\"fields\": [\"Groups\"]}}]"
  }
},
{
  "model": "admin.logentry",
  "pk": 20,
  "fields": {
    "action_time": "2023-07-23T19:44:26.909Z",
    "user": 1,
    "content_type": 7,
    "object_id": "4",
    "object_repr": "chel",
    "action_flag": 2,
    "change_message": "[{\"changed\": {\"fields\": [\"Groups\"]}}]"
  }
},
{
  "model": "admin.logentry",
  "pk": 21,
  "fields": {
    "action_time": "2023-07-23T19:44:36.483Z",
    "user": 1,
    "content_type": 7,
    "object_id": "7",
    "object_repr": "Пятка",
    "action_flag": 2,
    "change_message": "[]"
  }
},
{
  "model": "admin.logentry",
  "pk": 22,
  "fields": {
    "action_time": "2023-07-23T19:44:42.514Z",
    "user": 1,
    "content_type": 7,
    "object_id": "5",
    "object_repr": "Утка",
    "action_flag": 2,
    "change_message": "[]"
  }
},
{
  "model": "admin.logentry",
  "pk": 23,
  "fields": {
    "action_time": "2023-07-23T19:44:50.763Z",
    "user": 1,
    "content_type": 7,
    "object_id": "6",
    "object_repr": "груша",
    "action_flag": 2,
    "change_message": "[{\"changed\": {\"fields\": [\"Groups\"]}}]"
  }
},
{
  "model": "admin.logentry",
  "pk": 24,
  "fields": {
    "action_time": "2023-07-23T19:45:18.056Z",
    "user": 1,
    "content_type": 7,
    "object_id": "8",
    "object_repr": "кто-то",
    "action_flag": 1,
    "change_message": "[{\"added\": {}}]"
  }
},
{
  "model": "admin.logentry",
  "pk": 25,
  "fields": {
    "action_time": "2023-09-13T17:52:08.819Z",
    "user": 1,
    "content_type": 2,
    "object_id": "7",
    "object_repr": "Что?",
    "action_flag": 2,
    "change_message": "[{\"changed\": {\"fields\": [\"Tags\"]}}]"
  }
},
{
  "model": "admin.logentry",
  "pk": 26,
  "fields": {
    "action_time": "2023-09-13T17:52:15.614Z",
    "user": 1,
    "content_type": 2,
    "object_id": "20",
    "object_repr": "ewrewr",
    "action_flag": 2,
    "change_message": "[{\"changed\": {\"fields\": [\"Tags\"]}}]"
  }
},
{
  "model": "admin.logentry",
  "pk": 27,
  "fields": {
    "action_time": "2023-09-13T17:52:20.345Z",
    "user": 1,
    "content_type": 2,
    "object_id": "18",
    "object_repr": "hgjjgj",
    "action_flag": 2,
    "change_message": "[{\"changed\": {\"fields\": [\"Tags\"]}}]"
  }
},
{
  "model": "admin.logentry",
  "pk": 28,
  "fields": {
    "action_time": "2023-09-13T17:52:44.154Z",
    "user": 1,
    "content_type": 2,
    "object_id": "16",
    "object_repr": "Рыба",
    "action_flag": 2,
    "change_message": "[{\"changed\": {\"fields\": [\"Tags\"]}}]"
  }
},
{
  "model": "admin.logentry",
  "pk": 29,
  "fields": {
    "action_time": "2023-09-13T21:51:11.654Z",
    "user": 1,
    "content_type": 2,
    "object_id": "20",
    "object_repr": "ewrewr",
    "action_flag": 2,
    "change_message": "[{\"changed\": {\"fields\": [\"Tags\"]}}]"
  }
},
{
  "model": "admin.logentry",
  "pk": 30,
  "fields": {
    "action_time": "2023-09-13T21:51:17.074Z",
    "user": 1,
    "content_type": 2,
    "object_id": "19",
    "object_repr": "rgd",
    "action_flag": 2,
    "change_message": "[]"
  }
},
{
  "model": "admin.logentry",
  "pk": 31,
  "fields": {
    "action_time": "2023-09-13T21:51:29.800Z",
    "user": 1,
    "content_type": 2,
    "object_id": "18",
    "object_repr": "hgjjgj",
    "action_flag": 2,
    "change_message": "[{\"changed\": {\"fields\": [\"Tags\"]}}]"
  }
},
{
  "model": "admin.logentry",
  "pk": 32,
  "fields": {
    "action_time": "2023-09-13T21:51:45.274Z",
    "user": 1,
    "content_type": 2,
    "object_id": "15",
    "object_repr": "Картельные сговоры",
    "action_flag": 2,
    "change_message": "[{\"changed\": {\"fields\": [\"Tags\"]}}]"
  }
},
{
  "model": "admin.logentry",
  "pk": 33,
  "fields": {
    "action_time": "2023-09-13T21:51:56.801Z",
    "user": 1,
    "content_type": 2,
    "object_id": "14",
    "object_repr": "Задача организации",
    "action_flag": 2,
    "change_message": "[{\"changed\": {\"fields\": [\"Tags\"]}}]"
  }
},
{
  "model": "admin.logentry",
  "pk": 34,
  "fields": {
    "action_time": "2023-09-13T21:52:06.560Z",
    "user": 1,
    "content_type": 2,
    "object_id": "13",
    "object_repr": "качество жизни",
    "action_flag": 2,
    "change_message": "[{\"changed\": {\"fields\": [\"Tags\"]}}]"
  }
},
{
  "model": "admin.logentry",
  "pk": 35,
  "fields": {
    "action_time": "2023-09-13T21:52:14.970Z",
    "user": 1,
    "content_type": 2,
    "object_id": "11",
    "object_repr": "Современные технологии",
    "action_flag": 2,
    "change_message": "[{\"changed\": {\"fields\": [\"Tags\"]}}]"
  }
},
{
  "model": "admin.logentry",
  "pk": 36,
  "fields": {
    "action_time": "2023-09-13T21:52:28.002Z",
    "user": 1,
    "content_type": 2,
    "object_id": "10",
    "object_repr": "повестка",
    "action_flag": 2,
    "change_message": "[{\"changed\": {\"fields\": [\"Tags\"]}}]"
  }
},
{
  "model": "admin.logentry",
  "pk": 37,
  "fields": {
    "action_time": "2023-09-13T21:52:41.491Z",
    "user": 1,
    "content_type": 2,
    "object_id": "12",
    "object_repr": "выводы",
    "action_flag": 2,
    "change_message": "[{\"changed\": {\"fields\": [\"Tags\"]}}]"
  }
},
{
  "model": "admin.logentry",
  "pk": 38,
  "fields": {
    "action_time": "2023-09-13T21:52:45.567Z",
    "user": 1,
    "content_type": 2,
    "object_id": "11",
    "object_repr": "Современные технологии",
    "action_flag": 2,
    "change_message": "[]"
  }
},
{
  "model": "admin.logentry",
  "pk": 39,
  "fields": {
    "action_time": "2023-09-13T21:52:51.175Z",
    "user": 1,
    "content_type": 2,
    "object_id": "8",
    "object_repr": "Страны третьего мира",
    "action_flag": 2,
    "change_message": "[{\"changed\": {\"fields\": [\"Tags\"]}}]"
  }
},
{
  "model": "admin.logentry",
  "pk": 40,
  "fields": {
    "action_time": "2023-09-13T21:52:59.434Z",
    "user": 1,
    "content_type": 2,
    "object_id": "8",
    "object_repr": "Страны третьего мира",
    "action_flag": 2,
    "change_message": "[{\"changed\": {\"fields\": [\"Tags\"]}}]"
  }
},
{
  "model": "admin.logentry",
  "pk": 41,
  "fields": {
    "action_time": "2023-09-13T21:53:11.422Z",
    "user": 1,
    "content_type": 2,
    "object_id": "7",
    "object_repr": "Что?",
    "action_flag": 2,
    "change_message": "[{\"changed\": {\"fields\": [\"Tags\"]}}]"
  }
},
{
  "model": "admin.logentry",
  "pk": 42,
  "fields": {
    "action_time": "2023-09-13T21:53:18.856Z",
    "user": 1,
    "content_type": 2,
    "object_id": "6",
    "object_repr": "A?",
    "action_flag": 2,
    "change_message": "[{\"changed\": {\"fields\": [\"Tags\"]}}]"
  }
},
{
  "model": "admin.logentry",
  "pk": 43,
  "fields": {
    "action_time": "2023-09-13T21:53:27.524Z",
    "user": 1,
    "content_type": 2,
    "object_id": "6",
    "object_repr": "A?",
    "action_flag": 2,
    "change_message": "[{\"changed\": {\"fields\": [\"Tags\"]}}]"
  }
},
{
  "model": "admin.logentry",
  "pk": 44,
  "fields": {
    "action_time": "2023-09-13T21:53:42.644Z",
    "user": 1,
    "content_type": 2,
    "object_id": "20",
    "object_repr": "ewrewr",
    "action_flag": 2,
    "change_message": "[{\"changed\": {\"fields\": [\"Tags\"]}}]"
  }
},
{
  "model": "admin.logentry",
  "pk": 45,
  "fields": {
    "action_time": "2023-09-14T16:28:02.768Z",
    "user": 1,
    "content_type": 6,
    "object_id": "1",
    "object_repr": "Blogger",
    "action_flag": 2,
    "change_message": "[]"
  }
},
{
  "model": "admin.logentry",
  "pk": 46,
  "fields": {
    "action_time": "2023-09-14T16:28:20.885Z",
    "user": 1,
    "content_type": 7,
    "object_id": "1",
    "object_repr": "admin",
    "action_flag": 2,
    "change_message": "[{\"changed\": {\"fields\": [\"Groups\"]}}]"
  }
},
{
  "model": "admin.logentry",
  "pk": 47,
  "fields": {
    "action_time": "2023-09-14T16:28:55.315Z",
    "user": 1,
    "content_type": 7,
    "object_id": "1",
    "object_repr": "admin",
    "action_flag": 2,
    "change_message": "[]"
  }
},
{
  "model": "auth.permission",
  "pk": 1,
  "fields": {
    "name": "Can add author",
    "content_type": 1,
    "codename": "add_author"
  }
},
{
  "model": "auth.permission",
  "pk": 2,
  "fields": {
    "name": "Can change author",
    "content_type": 1,
    "codename": "change_author"
  }
},
{
  "model": "auth.permission",
  "pk": 3,
  "fields": {
    "name": "Can delete author",
    "content_type": 1,
    "codename": "delete_author"
  }
},
{
  "model": "auth.permission",
  "pk": 4,
  "fields": {
    "name": "Can view author",
    "content_type": 1,
    "codename": "view_author"
  }
},
{
  "model": "auth.permission",
  "pk": 5,
  "fields": {
    "name": "Can add post",
    "content_type": 2,
    "codename": "add_post"
  }
},
{
  "model": "auth.permission",
  "pk": 6,
  "fields": {
    "name": "Can change post",
    "content_type": 2,
    "codename": "change_post"
  }
},
{
  "model": "auth.permission",
  "pk": 7,
  "fields": {
    "name": "Can delete post",
    "content_type": 2,
    "codename": "delete_post"
  }
},
{
  "model": "auth.permission",
  "pk": 8,
  "fields": {
    "name": "Can view post",
    "content_type": 2,
    "codename": "view_post"
  }
},
{
  "model": "auth.permission",
  "pk": 9,
  "fields": {
    "name": "Can add comment",
    "content_type": 3,
    "codename": "add_comment"
  }
},
{
  "model": "auth.permission",
  "pk": 10,
  "fields": {
    "name": "Can change comment",
    "content_type": 3,
    "codename": "change_comment"
  }
},
{
  "model": "auth.permission",
  "pk": 11,
  "fields": {
    "name": "Can delete comment",
    "content_type": 3,
    "codename": "delete_comment"
  }
},
{
  "model": "auth.permission",
  "pk": 12,
  "fields": {
    "name": "Can view comment",
    "content_type": 3,
    "codename": "view_comment"
  }
},
{
  "model": "auth.permission",
  "pk": 13,
  "fields": {
    "name": "Can add log entry",
    "content_type": 4,
    "codename": "add_logentry"
  }
},
{
  "model": "auth.permission",
  "pk": 14,
  "fields": {
    "name": "Can change log entry",
    "content_type": 4,
    "codename": "change_logentry"
  }
},
{
  "model": "auth.permission",
  "pk": 15,
  "fields": {
    "name": "Can delete log entry",
    "content_type": 4,
    "codename": "delete_logentry"
  }
},
{
  "model": "auth.permission",
  "pk": 16,
  "fields": {
    "name": "Can view log entry",
    "content_type": 4,
    "codename": "view_logentry"
  }
},
{
  "model": "auth.permission",
  "pk": 17,
  "fields": {
    "name": "Can add permission",
    "content_type": 5,
    "codename": "add_permission"
  }
},
{
  "model": "auth.permission",
  "pk": 18,
  "fields": {
    "name": "Can change permission",
    "content_type": 5,
    "codename": "change_permission"
  }
},
{
  "model": "auth.permission",
  "pk": 19,
  "fields": {
    "name": "Can delete permission",
    "content_type": 5,
    "codename": "delete_permission"
  }
},
{
  "model": "auth.permission",
  "pk": 20,
  "fields": {
    "name": "Can view permission",
    "content_type": 5,
    "codename": "view_permission"
  }
},
{
  "model": "auth.permission",
  "pk": 21,
  "fields": {
    "name": "Can add group",
    "content_type": 6,
    "codename": "add_group"
  }
},
{
  "model": "auth.permission",
  "pk": 22,
  "fields": {
    "name": "Can change group",
    "content_type": 6,
    "codename": "change_group"
  }
},
{
  "model": "auth.permission",
  "pk": 23,
  "fields": {
    "name": "Can delete group",
    "content_type": 6,
    "codename": "delete_group"
  }
},
{
  "model": "auth.permission",
  "pk": 24,
  "fields": {
    "name": "Can view group",
    "content_type": 6,
    "codename": "view_group"
  }
},
{
  "model": "auth.permission",
  "pk": 25,
  "fields": {
    "name": "Can add user",
    "content_type": 7,
    "codename": "add_user"
  }
},
{
  "model": "auth.permission",
  "pk": 26,
  "fields": {
    "name": "Can change user",
    "content_type": 7,
    "codename": "change_user"
  }
},
{
  "model": "auth.permission",
  "pk": 27,
  "fields": {
    "name": "Can delete user",
    "content_type": 7,
    "codename": "delete_user"
  }
},
{
  "model": "auth.permission",
  "pk": 28,
  "fields": {
    "name": "Can view user",
    "content_type": 7,
    "codename": "view_user"
  }
},
{
  "model": "auth.permission",
  "pk": 29,
  "fields": {
    "name": "Can add content type",
    "content_type": 8,
    "codename": "add_contenttype"
  }
},
{
  "model": "auth.permission",
  "pk": 30,
  "fields": {
    "name": "Can change content type",
    "content_type": 8,
    "codename": "change_contenttype"
  }
},
{
  "model": "auth.permission",
  "pk": 31,
  "fields": {
    "name": "Can delete content type",
    "content_type": 8,
    "codename": "delete_contenttype"
  }
},
{
  "model": "auth.permission",
  "pk": 32,
  "fields": {
    "name": "Can view content type",
    "content_type": 8,
    "codename": "view_contenttype"
  }
},
{
  "model": "auth.permission",
  "pk": 33,
  "fields": {
    "name": "Can add session",
    "content_type": 9,
    "codename": "add_session"
  }
},
{
  "model": "auth.permission",
  "pk": 34,
  "fields": {
    "name": "Can change session",
    "content_type": 9,
    "codename": "change_session"
  }
},
{
  "model": "auth.permission",
  "pk": 35,
  "fields": {
    "name": "Can delete session",
    "content_type": 9,
    "codename": "delete_session"
  }
},
{
  "model": "auth.permission",
  "pk": 36,
  "fields": {
    "name": "Can view session",
    "content_type": 9,
    "codename": "view_session"
  }
},
{
  "model": "auth.permission",
  "pk": 37,
  "fields": {
    "name": "Can add tag",
    "content_type": 10,
    "codename": "add_tag"
  }
},
{
  "model": "auth.permission",
  "pk": 38,
  "fields": {
    "name": "Can change tag",
    "content_type": 10,
    "codename": "change_tag"
  }
},
{
  "model": "auth.permission",
  "pk": 39,
  "fields": {
    "name": "Can delete tag",
    "content_type": 10,
    "codename": "delete_tag"
  }
},
{
  "model": "auth.permission",
  "pk": 40,
  "fields": {
    "name": "Can view tag",
    "content_type": 10,
    "codename": "view_tag"
  }
},
{
  "model": "auth.permission",
  "pk": 41,
  "fields": {
    "name": "Can add tagged item",
    "content_type": 11,
    "codename": "add_taggeditem"
  }
},
{
  "model": "auth.permission",
  "pk": 42,
  "fields": {
    "name": "Can change tagged item",
    "content_type": 11,
    "codename": "change_taggeditem"
  }
},
{
  "model": "auth.permission",
  "pk": 43,
  "fields": {
    "name": "Can delete tagged item",
    "content_type": 11,
    "codename": "delete_taggeditem"
  }
},
{
  "model": "auth.permission",
  "pk": 44,
  "fields": {
    "name": "Can view tagged item",
    "content_type": 11,
    "codename": "view_taggeditem"
  }
},
{
  "model": "auth.group",
  "pk": 1,
  "fields": {
    "name": "Blogger",
    "permissions": [
      5,
      6,
      7,
      8
    ]
  }
},
{
  "model": "auth.user",
  "pk": 1,
  "fields": {
    "password": "pbkdf2_sha256$600000$VmO9tTfPi1muorjMJdVv47$fH/eIA3BciL+qgkngUsePABdGouM6W2NhMZ38fQUV+w=",
    "last_login": "2023-09-13T19:08:38Z",
    "is_superuser": true,
    "username": "admin",
    "first_name": "",
    "last_name": "",
    "email": "var-mak@mail.ru",
    "is_staff": true,
    "is_active": true,
    "date_joined": "2023-07-22T20:44:53Z",
    "groups": [
      1
    ],
    "user_permissions": []
  }
},
{
  "model": "auth.user",
  "pk": 2,
  "fields": {
    "password": "pbkdf2_sha256$600000$pPO9NSIW99QsrYtBYDZEQZ$+GNTzAzp7yiR10J+uAL+MeGkzgcMMD7z1rT2R4ROFh4=",
    "last_login": "2023-09-14T16:29:29.089Z",
    "is_superuser": false,
    "username": "dis",
    "first_name": "",
    "last_name": "",
    "email": "",
    "is_staff": false,
    "is_active": true,
    "date_joined": "2023-07-22T20:45:37Z",
    "groups": [
      1
    ],
    "user_permissions": []
  }
},
{
  "model": "auth.user",
  "pk": 3,
  "fields": {
    "password": "pbkdf2_sha256$260000$tU2UGa7td0DdX2o8A5nVpI$9mJX6JWCAJtt3uoF2thMKYFaLu3YOyEzzo1PqXCVUtM=",
    "last_login": "2023-07-23T19:52:50.374Z",
    "is_superuser": false,
    "username": "kek",
    "first_name": "",
    "last_name": "",
    "email": "",
    "is_staff": false,
    "is_active": true,
    "date_joined": "2023-07-23T18:20:56Z",
    "groups": [
      1
    ],
    "user_permissions": []
  }
},
{
  "model": "auth.user",
  "pk": 4,
  "fields": {
    "password": "pbkdf2_sha256$260000$7ePukECTLCZVFuev9MlOb6$gAsKSXC8WHR9zM3Lng77tu5s6v/LKoqbNHtMRund654=",
    "last_login": "2023-07-23T19:45:37.129Z",
    "is_superuser": false,
    "username": "chel",
    "first_name": "",
    "last_name": "",
    "email": "",
    "is_staff": false,
    "is_active": true,
    "date_joined": "2023-07-23T18:21:38Z",
    "groups": [
      1
    ],
    "user_permissions": []
  }
},
{
  "model": "auth.user",
  "pk": 5,
  "fields": {
    "password": "pbkdf2_sha256$260000$v7pWoMXimeBY2Y4M8PR43J$h+UDqbT16SuL4Z5vyp/N9DdC83b1P6sfqJjNXO1wncw=",
    "last_login": "2023-07-23T20:28:44.618Z",
    "is_superuser": false,
    "username": "Утка",
    "first_name": "",
    "last_name": "",
    "email": "",
    "is_staff": false,
    "is_active": true,
    "date_joined": "2023-07-23T19:42:53Z",
    "groups": [
      1
    ],
    "user_permissions": []
  }
},
{
  "model": "auth.user",
  "pk": 6,
  "fields": {
    "password": "pbkdf2_sha256$260000$Ai7AlKlcjKpPAkYYkJwviV$xcP6jCI4scLAB0F+181XLTcScXkBP4LpxQXV0qFar3Q=",
    "last_login": "2023-07-23T19:46:33.878Z",
    "is_superuser": false,
    "username": "груша",
    "first_name": "",
    "last_name": "",
    "email": "",
    "is_staff": false,
    "is_active": true,
    "date_joined": "2023-07-23T19:43:46Z",
    "groups": [
      1
    ],
    "user_permissions": []
  }
},
{
  "model": "auth.user",
  "pk": 7,
  "fields": {
    "password": "pbkdf2_sha256$260000$7jz45ppR6iS7Px0CNvj6nH$DyVjAT3X5nawyhGDsoU+P/MuhbldPy4Nc36NG4n1Uyw=",
    "last_login": "2023-07-23T19:47:42.635Z",
    "is_superuser": false,
    "username": "Пятка",
    "first_name": "",
    "last_name": "",
    "email": "",
    "is_staff": false,
    "is_active": true,
    "date_joined": "2023-07-23T19:44:12Z",
    "groups": [
      1
    ],
    "user_permissions": []
  }
},
{
  "model": "auth.user",
  "pk": 8,
  "fields": {
    "password": "pbkdf2_sha256$260000$nLRvgFpM9vZOQkWinll0Tz$jsCNgWc8SYKHDPedf775cG4gTfhizhRs923F0g8r/Ms=",
    "last_login": "2023-07-24T14:32:25.641Z",
    "is_superuser": false,
    "username": "кто-то",
    "first_name": "",
    "last_name": "",
    "email": "",
    "is_staff": false,
    "is_active": true,
    "date_joined": "2023-07-23T19:45:17.803Z",
    "groups": [],
    "user_permissions": []
  }
},
{
  "model": "contenttypes.contenttype",
  "pk": 1,
  "fields": {
    "app_label": "blog",
    "model": "author"
  }
},
{
  "model": "contenttypes.contenttype",
  "pk": 2,
  "fields": {
    "app_label": "blog",
    "model": "post"
  }
},
{
  "model": "contenttypes.contenttype",
  "pk": 3,
  "fields": {
    "app_label": "blog",
    "model": "comment"
  }
},
{
  "model": "contenttypes.contenttype",
  "pk": 4,
  "fields": {
    "app_label": "admin",
    "model": "logentry"
  }
},
{
  "model": "contenttypes.contenttype",
  "pk": 5,
  "fields": {
    "app_label": "auth",
    "model": "permission"
  }
},
{
  "model": "contenttypes.contenttype",
  "pk": 6,
  "fields": {
    "app_label": "auth",
    "model": "group"
  }
},
{
  "model": "contenttypes.contenttype",
  "pk": 7,
  "fields": {
    "app_label": "auth",
    "model": "user"
  }
},
{
  "model": "contenttypes.contenttype",
  "pk": 8,
  "fields": {
    "app_label": "contenttypes",
    "model": "contenttype"
  }
},
{
  "model": "contenttypes.contenttype",
  "pk": 9,
  "fields": {
    "app_label": "sessions",
    "model": "session"
  }
},
{
  "model": "contenttypes.contenttype",
  "pk": 10,
  "fields": {
    "app_label": "taggit",
    "model": "tag"
  }
},
{
  "model": "contenttypes.contenttype",
  "pk": 11,
  "fields": {
    "app_label": "taggit",
    "model": "taggeditem"
  }
},
{
  "model": "sessions.session",
  "pk": "b34etsrbn5qiunsbl28cdp2t5ivlvhwl",
  "fields": {
    "session_data": ".eJxVjDkOwjAUBe_iGlm28Sc2JT1niP5mHECOlKVC3B0ipYD2zcx7mR7XpfbrrFM_iDmbYA6_GyE_tG1A7thuo-WxLdNAdlPsTmd7HUWfl939O6g412-t5EspTlKKHlzOGMmFk6fSZYYMjBJ9IgBUEmUWYCmRjh2kwE5zMO8P_2c4xg:1qgpDd:-ZEPpxLUNXjUHpdaUztF35dDe8sdeVULacSIYUUIDi8",
    "expire_date": "2023-09-28T16:29:29.297Z"
  }
},
{
  "model": "sessions.session",
  "pk": "exhxw1ytved0ovkvjdo6zaqz26ae9sw3",
  "fields": {
    "session_data": ".eJxVjEEOwiAQRe_C2hAoUgaX7nsGMsOAVA1NSrsy3l1JutDtf-_9lwi4byXsLa1hZnERgzj9boTxkWoHfMd6W2Rc6rbOJLsiD9rktHB6Xg_376BgK9-aHAKwPWeniCKwdjkPGow10Y7AnZLXzjug0RvFziJklchQTokoi_cH6H04hQ:1qNwgD:nl8nygYY8Q5s6VDAz4i79U_qEgMuhxcJjPw1UN9IK8c",
    "expire_date": "2023-08-07T14:36:57.874Z"
  }
},
{
  "model": "sessions.session",
  "pk": "ulh7n1wdzfe7g2v6bga0tbunpylu717w",
  "fields": {
    "session_data": ".eJxVjEEOwiAQRe_C2hAq4IBL956hmWEGqRpISrsy3l2bdKHb_977LzXiupRx7TKPE6uzGtThdyNMD6kb4DvWW9Op1WWeSG-K3mnX18byvOzu30HBXr41GHJesh8CxGOwAVLwDBTJiTBHMNlgZkGKYImsi6cQKEVHJB4lg3p_AOj1OLs:1qgU18:cc8ktZnEnZfIQA0VFofviJN4rhk4x5QXkU4sasPuq1Y",
    "expire_date": "2023-09-27T17:51:10.817Z"
  }
},
{
  "model": "taggit.tag",
  "pk": 1,
  "fields": {
    "name": "действия",
    "slug": "действия"
  }
},
{
  "model": "taggit.tag",
  "pk": 2,
  "fields": {
    "name": "aaa",
    "slug": "aaa"
  }
},
{
  "model": "taggit.tag",
  "pk": 3,
  "fields": {
    "name": "Рыба",
    "slug": "рыба"
  }
},
{
  "model": "taggit.tag",
  "pk": 4,
  "fields": {
    "name": "django",
    "slug": "django"
  }
},
{
  "model": "taggit.tag",
  "pk": 5,
  "fields": {
    "name": "kkk",
    "slug": "kkk"
  }
},
{
  "model": "taggit.tag",
  "pk": 6,
  "fields": {
    "name": "ggg",
    "slug": "ggg"
  }
},
{
  "model": "taggit.tag",
  "pk": 7,
  "fields": {
    "name": "ьььь",
    "slug": "ьььь"
  }
},
{
  "model": "taggit.tag",
  "pk": 8,
  "fields": {
    "name": "пппп",
    "slug": "пппп"
  }
},
{
  "model": "taggit.tag",
  "pk": 9,
  "fields": {
    "name": "sss",
    "slug": "sss"
  }
},
{
  "model": "taggit.tag",
  "pk": 10,
  "fields": {
    "name": "ddd",
    "slug": "ddd"
  }
},
{
  "model": "taggit.taggeditem",
  "pk": 1,
  "fields": {
    "tag": 1,
    "content_type": 2,
    "object_id": 7
  }
},
{
  "model": "taggit.taggeditem",
  "pk": 2,
  "fields": {
    "tag": 2,
    "content_type": 2,
    "object_id": 20
  }
},
{
  "model": "taggit.taggeditem",
  "pk": 3,
  "fields": {
    "tag": 2,
    "content_type": 2,
    "object_id": 18
  }
},
{
  "model": "taggit.taggeditem",
  "pk": 4,
  "fields": {
    "tag": 1,
    "content_type": 2,
    "object_id": 16
  }
},
{
  "model": "taggit.taggeditem",
  "pk": 5,
  "fields": {
    "tag": 3,
    "content_type": 2,
    "object_id": 16
  }
},
{
  "model": "taggit.taggeditem",
  "pk": 6,
  "fields": {
    "tag": 2,
    "content_type": 2,
    "object_id": 19
  }
},
{
  "model": "taggit.taggeditem",
  "pk": 7,
  "fields": {
    "tag": 4,
    "content_type": 2,
    "object_id": 19
  }
},
{
  "model": "taggit.taggeditem",
  "pk": 8,
  "fields": {
    "tag": 5,
    "content_type": 2,
    "object_id": 20
  }
},
{
  "model": "taggit.taggeditem",
  "pk": 9,
  "fields": {
    "tag": 3,
    "content_type": 2,
    "object_id": 18
  }
},
{
  "model": "taggit.taggeditem",
  "pk": 10,
  "fields": {
    "tag": 2,
    "content_type": 2,
    "object_id": 15
  }
},
{
  "model": "taggit.taggeditem",
  "pk": 11,
  "fields": {
    "tag": 3,
    "content_type": 2,
    "object_id": 15
  }
},
{
  "model": "taggit.taggeditem",
  "pk": 12,
  "fields": {
    "tag": 2,
    "content_type": 2,
    "object_id": 14
  }
},
{
  "model": "taggit.taggeditem",
  "pk": 13,
  "fields": {
    "tag": 6,
    "content_type": 2,
    "object_id": 14
  }
},
{
  "model": "taggit.taggeditem",
  "pk": 14,
  "fields": {
    "tag": 2,
    "content_type": 2,
    "object_id": 13
  }
},
{
  "model": "taggit.taggeditem",
  "pk": 15,
  "fields": {
    "tag": 4,
    "content_type": 2,
    "object_id": 13
  }
},
{
  "model": "taggit.taggeditem",
  "pk": 16,
  "fields": {
    "tag": 2,
    "content_type": 2,
    "object_id": 11
  }
},
{
  "model": "taggit.taggeditem",
  "pk": 17,
  "fields": {
    "tag": 5,
    "content_type": 2,
    "object_id": 11
  }
},
{
  "model": "taggit.taggeditem",
  "pk": 18,
  "fields": {
    "tag": 2,
    "content_type": 2,
    "object_id": 10
  }
},
{
  "model": "taggit.taggeditem",
  "pk": 19,
  "fields": {
    "tag": 3,
    "content_type": 2,
    "object_id": 10
  }
},
{
  "model": "taggit.taggeditem",
  "pk": 20,
  "fields": {
    "tag": 7,
    "content_type": 2,
    "object_id": 12
  }
},
{
  "model": "taggit.taggeditem",
  "pk": 22,
  "fields": {
    "tag": 8,
    "content_type": 2,
    "object_id": 8
  }
},
{
  "model": "taggit.taggeditem",
  "pk": 23,
  "fields": {
    "tag": 9,
    "content_type": 2,
    "object_id": 7
  }
},
{
  "model": "taggit.taggeditem",
  "pk": 24,
  "fields": {
    "tag": 10,
    "content_type": 2,
    "object_id": 6
  }
},
{
  "model": "taggit.taggeditem",
  "pk": 25,
  "fields": {
    "tag": 6,
    "content_type": 2,
    "object_id": 6
  }
},
{
  "model": "taggit.taggeditem",
  "pk": 26,
  "fields": {
    "tag": 6,
    "content_type": 2,
    "object_id": 20
  }
},
{
  "model": "taggit.taggeditem",
  "pk": 27,
  "fields": {
    "tag": 9,
    "content_type": 2,
    "object_id": 21
  }
},
{
  "model": "taggit.taggeditem",
  "pk": 28,
  "fields": {
    "tag": 4,
    "content_type": 2,
    "object_id": 21
  }
},
{
  "model": "taggit.taggeditem",
  "pk": 29,
  "fields": {
    "tag": 9,
    "content_type": 2,
    "object_id": 22
  }
},
{
  "model": "taggit.taggeditem",
  "pk": 30,
  "fields": {
    "tag": 4,
    "content_type": 2,
    "object_id": 22
  }
}
]
